sample index,Battery voltage (V),Motor1 PWM,Motor2 PWM,Motor3 PWM,Motor4 PWM
0,3.689736,0,0,0,0
1,3.689736,0,0,0,0
2,3.689736,0,0,0,0
3,3.689736,0,0,0,0
4,3.689736,0,0,0,0
5,3.336071,0,0,0,0
6,3.29912,51414,56774,26770,30156
7,3.214663,51665,59398,38657,33796
8,3.167156,56375,62603,46516,38837
9,3.130205,,64114,,42863
10,3.07742,57647,64353,59028,41040
11,,,,,
12,3.014076,65535,63300,61901,51225
13,3.130205,65535,61796,63314,51269
14,3.204106,54542,46892,52118,59904
,,43720,,,